username,height,flavour

jialeidng,160,pistachio
WJSchakel,NA,forest fruit
zero31415,NA,coconut

AinzOoalGown123
ajtukker
andreadellacorte3
AnoushkaV
ASwami2002
bart2403
bkarabocek
brammigamer
brigitdebok
brittdeheer
CasperB02
cortesjose36-png
ctall-train
cvanbodegom
daandevenijns
Daanthijssen
Danielebini27
DaniSees
DelanovdB02
DirkvL68
DonnaSM
doosterink
dPighin
ElineLandman
ElineRoozenbeek
Elise-Braakman
erdemaydn
erikkorschen
Fabiandg2
Famkelemstra
ferquiso
Fije01
fleurubbink
FlorianvanLeest
floris123fka
fmooren
FranciscodeMeij
FrenkGR
Fronk13
gijsdebruijne
gijssix6
Gijsvvliet
Guiseppec
hanjuhyun3235
HendrikHof
hiddeokhuijsen
HMolenaar
hwschutte02
irismobius
IrisvanEgerschot
Itsjdrummerboy
iweidema
jadenaccord
JalissaRattan
JarrikAlgera
JasperDelft
jdekoenen
JelleK123
JenteBerg
JiskaB
JouairiaAzzouzi
jsknevel-byte
JuliaDwarswaard
JulietteF0lkers
katherinavandijk
khollsteintudelft
koenmeijer04-hue
laurevdpouw
leldegrike
LiamLuijtgaarden,188,coconut
liekevanessenberg-lgtm
lieveschrijver
ljvandenbos
LouiseNanninga
lucapreijde
Maarten043
magdalini1
Mairah27
Manasaht31
Marans-bit
MarlijnJanssen
mateogonzalezbrown
matsdevries
Matthijs151
maxbevelander
Meddevandeplas
MeikeRademaker
MHLHogendoorn
mihael78
mikasbk
mirtebatema
mtlvandenberg-commits
mvansliedregt
mwmvos
nathalieTIL
Neillzt
nicklj100
nienkevanslooten
noudreijn
Nouschka25
NSwanenburg
nwtud
palaceparis
pcs9
Qin-deli0
rchandrikasing
RonBallon
RoosPlaum
RosalieEverts
Rosanna1234
sandrazhu21
SasjaDolle
sdemenegas
SE-CUR
shubham5behera
simonas0505
Sipkedjo
siteswarta123
sjboonstra
SL-51
Sophiabakker
Sranang2020
StellaNestori
tdevegt-tu
teunquaadvliet
Theivaprakasham
TheSaltyZ
thfix13
thijs1002
tmsdelft26
tonimanjani28
TotyTampan14
TristanRoussou
Twanvdvelde
v6-Lars-van-Manen
vagroenewold
vschretlen
wschwehm
wvanaalderen
yatokai-3
yoshiozhang
Zef-1999